filename,width,height,class,xmin,ymin,xmax,ymax
video_5_1557811952433.jpg,640,480,Amoxilin,363,140,435,413
video_3_1557812064791.jpg,640,480,Vitamin B2,190,237,286,389
video_4_1557812178119.jpg,640,480,Xinfa,203,227,338,392
video_4_1557811817196.jpg,640,480,Zhengchai,171,265,328,448
video_5_1557811341262.jpg,640,480,Toubao,295,83,397,330
video_5_1557811495268.jpg,640,480,Runfeigao,110,230,465,411
video_4_1557811945808.jpg,640,480,Amoxilin,193,191,396,437
video_1_1557811314064.jpg,640,480,Toubao,331,36,402,342
video_4_1557812074045.jpg,640,480,Vitamin B2,221,295,330,370
video_5_1557811874190.jpg,640,480,Amoxilin,129,313,541,434
video_1_1557811336776.jpg,640,480,Toubao,301,65,468,326
video_5_1557811634146.jpg,640,480,Qinghuana,222,250,500,381
video_4_1557811784697.jpg,640,480,Zhengchai,197,193,365,420
video_1_1557811470587.jpg,640,480,Runfeigao,268,27,483,450
video_0_1557811476721.jpg,640,480,Runfeigao,270,74,438,442
video_5_1557812225115.jpg,640,480,Xinfa,272,269,349,397
video_4_1557811667487.jpg,640,480,Puanle,185,228,354,395
video_1_1557811881901.jpg,640,480,Amoxilin,142,300,492,436
video_5_1557811794737.jpg,640,480,Zhengchai,224,171,457,403
video_3_1557811960746.jpg,640,480,Amoxilin,270,9,317,400
video_4_1557811768549.jpg,640,480,Zhengchai,151,145,381,375
video_0_1557811246678.jpg,640,480,Toubao,240,295,464,378
video_3_1557811895240.jpg,640,480,Amoxilin,154,169,428,421
video_4_1557811586414.jpg,640,480,Qinghuana,216,247,321,337
video_0_1557811960737.jpg,640,480,Amoxilin,321,2,375,404
video_3_1557811787248.jpg,640,480,Zhengchai,174,97,365,393
video_5_1557811672270.jpg,640,480,Puanle,210,178,411,385
video_3_1557811519816.jpg,640,480,Runfeigao,199,232,384,421
video_4_1557812114161.jpg,640,480,Vitamin C,249,286,318,351
video_1_1557811278746.jpg,640,480,Toubao,225,264,430,348
video_5_1557812312009.jpg,640,480,LORATADINE TABLETS,192,222,392,399
video_3_1557811948544.jpg,640,480,Amoxilin,134,183,476,401
video_4_1557811779647.jpg,640,480,Zhengchai,203,199,331,436
video_5_1557812180276.jpg,640,480,Xinfa,227,318,427,395
video_1_1557811794733.jpg,640,480,Zhengchai,177,136,449,416
video_3_1557812146848.jpg,640,480,Vitamin C,218,243,302,387
video_5_1557811344938.jpg,640,480,Toubao,274,97,410,319
video_1_1557811948527.jpg,640,480,Amoxilin,114,126,476,398
video_0_1557811328598.jpg,640,480,Toubao,226,172,380,387
video_3_1557811524611.jpg,640,480,Runfeigao,49,243,390,400
video_4_1557811246734.jpg,640,480,Toubao,191,234,354,358
video_5_1557812284309.jpg,640,480,LORATADINE TABLETS,232,314,489,410
video_1_1557812263795.jpg,640,480,LORATADINE TABLETS,198,354,504,446
video_5_1557811881871.jpg,640,480,Amoxilin,123,313,472,443
video_4_1557812133455.jpg,640,480,Vitamin C,243,248,305,346
video_3_1557811814171.jpg,640,480,Zhengchai,78,190,396,414
video_3_1557812144483.jpg,640,480,Vitamin C,183,298,312,393
video_5_1557812011631.jpg,640,480,Amoxilin,265,137,388,422
video_5_1557812053364.jpg,640,480,Vitamin B2,255,283,381,405
video_3_1557811591533.jpg,640,480,Qinghuana,232,121,341,382
video_1_1557812289399.jpg,640,480,LORATADINE TABLETS,233,263,469,432
video_5_1557812173713.jpg,640,480,Xinfa,211,325,463,384
video_0_1557811909806.jpg,640,480,Amoxilin,242,37,434,387
video_3_1557812192776.jpg,640,480,Xinfa,218,279,298,396
video_1_1557812104575.jpg,640,480,Vitamin C,284,257,403,428
video_0_1557811773796.jpg,640,480,Zhengchai,214,343,570,480
video_1_1557812074051.jpg,640,480,Vitamin B2,294,324,453,425
video_5_1557812062420.jpg,640,480,Vitamin B2,233,288,390,398
video_0_1557812260918.jpg,640,480,LORATADINE TABLETS,240,326,503,411
video_0_1557811665057.jpg,640,480,Puanle,272,218,453,457
video_4_1557812076533.jpg,640,480,Vitamin B2,244,293,313,403
video_5_1557811593785.jpg,640,480,Qinghuana,262,94,392,376
video_3_1557811957857.jpg,640,480,Amoxilin,110,321,383,424
video_1_1557811965851.jpg,640,480,Amoxilin,209,1,393,395
video_3_1557811631113.jpg,640,480,Qinghuana,128,265,430,390
video_0_1557811599042.jpg,640,480,Qinghuana,152,294,493,439
video_0_1557811779640.jpg,640,480,Zhengchai,208,216,497,441
video_0_1557811255148.jpg,640,480,Toubao,186,295,453,392
video_4_1557811341306.jpg,640,480,Toubao,190,261,321,367
video_4_1557811589043.jpg,640,480,Qinghuana,187,251,307,348
video_3_1557812303808.jpg,640,480,LORATADINE TABLETS,185,169,313,378
video_1_1557811484766.jpg,640,480,Runfeigao,266,33,439,444
video_1_1557811599045.jpg,640,480,Qinghuana,310,278,457,435
video_1_1557812180258.jpg,640,480,Xinfa,230,357,465,462
video_0_1557811895233.jpg,640,480,Amoxilin,248,162,527,426
video_3_1557811612278.jpg,640,480,Qinghuana,148,257,426,384
video_4_1557812216518.jpg,640,480,Xinfa,206,287,277,383
video_5_1557811811859.jpg,640,480,Zhengchai,150,297,507,428
video_1_1557812199292.jpg,640,480,Xinfa,317,303,455,459
video_4_1557811885025.jpg,640,480,Amoxilin,176,200,438,423
video_5_1557811268209.jpg,640,480,Toubao,243,265,459,340
video_5_1557811779695.jpg,640,480,Zhengchai,253,160,383,412
video_0_1557811165351.jpg,640,480,Toubao,226,291,485,369
video_4_1557812142708.jpg,640,480,Vitamin C,191,275,302,361
video_3_1557811824270.jpg,640,480,Zhengchai,142,91,340,387
video_0_1557812104572.jpg,640,480,Vitamin C,310,237,396,391
video_0_1557811784690.jpg,640,480,Zhengchai,193,218,463,448
video_4_1557812279281.jpg,640,480,LORATADINE TABLETS,210,226,324,395
video_4_1557811881874.jpg,640,480,Amoxilin,212,195,348,430
video_0_1557812042080.jpg,640,480,Vitamin B2,323,236,424,404
video_5_1557811165352.jpg,640,480,Toubao,245,269,515,342
video_4_1557811324373.jpg,640,480,Toubao,167,232,332,336
video_4_1557811165397.jpg,640,480,Toubao,215,225,383,400
video_3_1557811490600.jpg,640,480,Runfeigao,145,241,416,425
video_0_1557812142709.jpg,640,480,Vitamin C,298,300,454,417
video_3_1557811596259.jpg,640,480,Qinghuana,141,262,412,386
video_4_1557812053365.jpg,640,480,Vitamin B2,240,283,318,394
video_5_1557812279254.jpg,640,480,LORATADINE TABLETS,210,311,407,401
video_1_1557811628578.jpg,640,480,Qinghuana,79,283,460,449
video_3_1557812062480.jpg,640,480,Vitamin B2,154,297,312,390
video_5_1557812178119.jpg,640,480,Xinfa,274,318,408,397
video_1_1557811582501.jpg,640,480,Qinghuana,291,95,442,446
video_1_1557811877303.jpg,640,480,Amoxilin,160,304,636,399
video_5_1557812127347.jpg,640,480,Vitamin C,238,288,378,395
video_1_1557811324374.jpg,640,480,Toubao,282,132,506,353
video_0_1557812279294.jpg,640,480,LORATADINE TABLETS,217,328,495,411
video_3_1557812190414.jpg,640,480,Xinfa,135,277,340,384
video_1_1557812279292.jpg,640,480,LORATADINE TABLETS,255,352,458,458
video_0_1557812178126.jpg,640,480,Xinfa,216,328,468,417
video_0_1557811511637.jpg,640,480,Runfeigao,181,281,586,457
video_1_1557811765134.jpg,640,480,Zhengchai,209,288,502,424
video_1_1557812301467.jpg,640,480,LORATADINE TABLETS,274,250,436,457
video_5_1557811777079.jpg,640,480,Zhengchai,285,293,554,407
video_4_1557811599081.jpg,640,480,Qinghuana,211,193,323,404
video_4_1557811892575.jpg,640,480,Amoxilin,228,190,291,349
video_3_1557812036358.jpg,640,480,Vitamin B2,210,242,306,393
video_5_1557811877272.jpg,640,480,Amoxilin,88,310,507,404
video_1_1557811341301.jpg,640,480,Toubao,315,46,442,335
video_0_1557811321381.jpg,640,480,Toubao,213,186,442,366
video_4_1557812199256.jpg,640,480,Xinfa,206,238,332,385
video_0_1557811667490.jpg,640,480,Puanle,227,209,435,452
video_3_1557812216540.jpg,640,480,Xinfa,193,167,297,382
video_4_1557811665057.jpg,640,480,Puanle,184,255,338,378
video_1_1557811675044.jpg,640,480,Puanle,316,188,489,453
video_5_1557811317631.jpg,640,480,Toubao,276,89,415,322
video_3_1557811792694.jpg,640,480,Zhengchai,124,300,438,400
video_4_1557811888048.jpg,640,480,Amoxilin,160,204,414,403
video_0_1557811582499.jpg,640,480,Qinghuana,260,123,400,451
video_1_1557811255188.jpg,640,480,Toubao,258,264,544,362
video_0_1557811890372.jpg,640,480,Amoxilin,314,150,415,431
video_3_1557812060453.jpg,640,480,Vitamin B2,158,299,315,399
video_1_1557812303846.jpg,640,480,LORATADINE TABLETS,341,143,461,440
video_3_1557812007153.jpg,640,480,Amoxilin,182,39,368,399
video_0_1557812173660.jpg,640,480,Xinfa,265,329,489,422
video_1_1557812133530.jpg,640,480,Vitamin C,282,325,418,449
video_5_1557811890403.jpg,640,480,Amoxilin,205,182,554,393
video_3_1557811457982.jpg,640,480,Runfeigao,185,50,354,395
video_0_1557812051402.jpg,640,480,Vitamin B2,351,295,460,411
video_5_1557812289367.jpg,640,480,LORATADINE TABLETS,215,226,458,391
video_4_1557812042080.jpg,640,480,Vitamin B2,207,290,293,369
video_3_1557811237356.jpg,640,480,Toubao,125,259,400,340
video_3_1557811682097.jpg,640,480,Puanle,150,258,374,391
video_1_1557811165391.jpg,640,480,Toubao,203,261,475,342
video_0_1557811874157.jpg,640,480,Amoxilin,154,320,555,427
video_5_1557812048965.jpg,640,480,Vitamin B2,235,283,390,383
video_3_1557811479712.jpg,640,480,Runfeigao,178,39,361,405
video_5_1557811473073.jpg,640,480,Runfeigao,244,38,393,383
video_5_1557812039839.jpg,640,480,Vitamin B2,254,230,356,383
video_0_1557812225059.jpg,640,480,Xinfa,216,277,457,408
video_0_1557812222046.jpg,640,480,Xinfa,248,281,458,425
video_4_1557812104570.jpg,640,480,Vitamin C,248,283,317,348
video_4_1557811255200.jpg,640,480,Toubao,179,219,351,380
video_0_1557812289400.jpg,640,480,LORATADINE TABLETS,274,240,492,406
video_5_1557812074046.jpg,640,480,Vitamin B2,232,292,401,390
video_4_1557812301467.jpg,640,480,LORATADINE TABLETS,232,226,291,406
video_3_1557811511679.jpg,640,480,Runfeigao,56,239,416,394
video_0_1557811470547.jpg,640,480,Runfeigao,250,61,426,454
video_3_1557812178140.jpg,640,480,Xinfa,147,329,368,402
video_3_1557812055978.jpg,640,480,Vitamin B2,153,297,310,392
video_0_1557812071673.jpg,640,480,Vitamin B2,311,293,438,406
video_3_1557811765183.jpg,640,480,Zhengchai,133,304,456,427
video_4_1557812062420.jpg,640,480,Vitamin B2,235,280,304,388
video_5_1557811784694.jpg,640,480,Zhengchai,314,161,431,407
video_0_1557811341264.jpg,640,480,Toubao,286,98,406,368
video_1_1557812007132.jpg,640,480,Amoxilin,248,16,459,432
video_1_1557811612234.jpg,640,480,Qinghuana,266,281,462,440
video_0_1557811794725.jpg,640,480,Zhengchai,184,231,486,437
video_4_1557812122825.jpg,640,480,Vitamin C,224,264,309,373
video_0_1557811317630.jpg,640,480,Toubao,258,106,417,362
video_4_1557811624550.jpg,640,480,Qinghuana,107,383,307,480
video_1_1557812122826.jpg,640,480,Vitamin C,296,325,456,438
video_4_1557811522358.jpg,640,480,Runfeigao,144,213,360,467
video_5_1557811665052.jpg,640,480,Puanle,217,174,423,385
video_0_1557811879539.jpg,640,480,Amoxilin,143,323,503,450
video_5_1557812133522.jpg,640,480,Vitamin C,279,286,398,388
video_0_1557812076531.jpg,640,480,Vitamin B2,333,294,484,392
video_3_1557812271254.jpg,640,480,LORATADINE TABLETS,131,323,393,417
video_1_1557811960735.jpg,640,480,Amoxilin,239,2,442,379
video_4_1557812109109.jpg,640,480,Vitamin C,251,269,330,355
video_1_1557811586375.jpg,640,480,Qinghuana,282,97,431,452
video_3_1557812266264.jpg,640,480,LORATADINE TABLETS,164,321,365,414
video_5_1557812135351.jpg,640,480,Vitamin C,272,287,426,383
video_0_1557811768548.jpg,640,480,Zhengchai,75,346,452,480
video_4_1557811890406.jpg,640,480,Amoxilin,134,291,421,327
video_1_1557812228632.jpg,640,480,Xinfa,360,302,451,450
video_1_1557812055932.jpg,640,480,Vitamin B2,284,320,437,437
video_4_1557811487450.jpg,640,480,Runfeigao,199,211,328,467
video_4_1557811314077.jpg,640,480,Toubao,211,240,302,373
video_1_1557812194834.jpg,640,480,Xinfa,335,302,489,455
video_0_1557812039839.jpg,640,480,Vitamin B2,296,234,438,412
video_0_1557811601475.jpg,640,480,Qinghuana,289,296,523,445
video_4_1557811874192.jpg,640,480,Amoxilin,180,187,397,452
video_1_1557811487453.jpg,640,480,Runfeigao,198,254,489,478
video_3_1557811662404.jpg,640,480,Puanle,186,187,381,387
video_3_1557812289371.jpg,640,480,LORATADINE TABLETS,147,244,366,402
video_5_1557811324328.jpg,640,480,Toubao,269,164,426,329
video_0_1557811906200.jpg,640,480,Amoxilin,210,145,382,433
video_0_1557812299113.jpg,640,480,LORATADINE TABLETS,304,239,436,412
video_1_1557812107008.jpg,640,480,Vitamin C,293,258,391,427
video_1_1557811884985.jpg,640,480,Amoxilin,109,307,558,397
video_3_1557812071670.jpg,640,480,Vitamin B2,194,295,314,403
video_0_1557812190400.jpg,640,480,Xinfa,267,276,522,411
video_4_1557811686791.jpg,640,480,Puanle,158,225,346,419
video_4_1557812201159.jpg,640,480,Xinfa,176,255,293,411
video_5_1557811498277.jpg,640,480,Runfeigao,128,225,438,418
video_0_1557811702735.jpg,640,480,Puanle,233,304,459,443
video_0_1557812036364.jpg,640,480,Vitamin B2,313,234,426,405
video_5_1557811502215.jpg,640,480,Runfeigao,128,223,474,397
video_5_1557811814217.jpg,640,480,Zhengchai,212,151,500,421
video_0_1557811479673.jpg,640,480,Runfeigao,253,71,445,451
video_4_1557812127287.jpg,640,480,Vitamin C,235,277,299,379
video_0_1557811484728.jpg,640,480,Runfeigao,237,72,430,450
video_5_1557811711978.jpg,640,480,Puanle,161,180,386,386
video_0_1557811957853.jpg,640,480,Amoxilin,281,323,587,444
video_0_1557812271280.jpg,640,480,LORATADINE TABLETS,238,322,500,418
video_1_1557811782330.jpg,640,480,Zhengchai,230,162,549,371
video_5_1557811702723.jpg,640,480,Puanle,230,249,504,418
video_3_1557811782390.jpg,640,480,Zhengchai,167,189,367,404
video_0_1557811821251.jpg,640,480,Zhengchai,269,234,589,447
video_1_1557812306595.jpg,640,480,LORATADINE TABLETS,336,144,448,437
video_5_1557811519813.jpg,640,480,Runfeigao,179,228,521,402
video_4_1557812192763.jpg,640,480,Xinfa,160,293,323,337
video_3_1557812048966.jpg,640,480,Vitamin B2,171,292,319,398
video_0_1557811237356.jpg,640,480,Toubao,226,292,484,369
video_5_1557811618196.jpg,640,480,Qinghuana,270,91,405,377
video_3_1557812114228.jpg,640,480,Vitamin C,224,242,309,390
video_3_1557812222050.jpg,640,480,Xinfa,191,279,374,394
video_5_1557812125252.jpg,640,480,Vitamin C,245,292,409,390
video_1_1557811490607.jpg,640,480,Runfeigao,174,264,582,436
video_3_1557811684656.jpg,640,480,Puanle,135,255,357,406
video_0_1557812203789.jpg,640,480,Xinfa,340,150,453,396
video_3_1557811784695.jpg,640,480,Zhengchai,132,176,395,414
video_5_1557812301438.jpg,640,480,LORATADINE TABLETS,237,223,399,399
video_4_1557812071613.jpg,640,480,Vitamin B2,230,288,342,361
video_0_1557811662377.jpg,640,480,Puanle,231,239,453,443
video_0_1557811451711.jpg,640,480,Runfeigao,295,65,467,453
video_1_1557812299102.jpg,640,480,LORATADINE TABLETS,216,267,471,424
video_0_1557811502188.jpg,640,480,Runfeigao,190,271,582,478
video_4_1557811662366.jpg,640,480,Puanle,217,234,313,380
video_1_1557812058296.jpg,640,480,Vitamin B2,289,322,445,419
video_3_1557811952409.jpg,640,480,Amoxilin,109,158,461,413
video_4_1557812271278.jpg,640,480,LORATADINE TABLETS,201,234,377,401
video_4_1557812303836.jpg,640,480,LORATADINE TABLETS,179,270,281,392
video_5_1557811615711.jpg,640,480,Qinghuana,240,83,385,379
video_1_1557812127287.jpg,640,480,Vitamin C,321,325,442,434
video_3_1557812058342.jpg,640,480,Vitamin B2,170,297,305,400
video_4_1557812060454.jpg,640,480,Vitamin B2,221,272,325,384
video_1_1557811615714.jpg,640,480,Qinghuana,320,106,462,441
video_4_1557811702733.jpg,640,480,Puanle,216,236,373,387
video_3_1557811484767.jpg,640,480,Runfeigao,192,34,381,407
video_1_1557812277178.jpg,640,480,LORATADINE TABLETS,210,353,509,449
video_0_1557812277195.jpg,640,480,LORATADINE TABLETS,251,325,427,414
video_1_1557810743874.jpg,640,480,Toubao,201,262,474,343
video_5_1557812201216.jpg,640,480,Xinfa,163,267,384,391
video_4_1557811821256.jpg,640,480,Zhengchai,188,248,322,480
video_3_1557811700409.jpg,640,480,Puanle,164,264,403,400
video_5_1557811677383.jpg,640,480,Puanle,243,176,435,388
video_1_1557811519815.jpg,640,480,Runfeigao,163,253,560,467
video_0_1557811615713.jpg,640,480,Qinghuana,293,121,431,446
video_3_1557811522360.jpg,640,480,Runfeigao,68,243,403,403
video_3_1557812260880.jpg,640,480,LORATADINE TABLETS,100,324,364,407
video_1_1557812266289.jpg,640,480,LORATADINE TABLETS,234,351,531,466
video_5_1557812144485.jpg,640,480,Vitamin C,244,288,381,391
video_0_1557812171165.jpg,640,480,Xinfa,231,335,489,407
video_1_1557811879605.jpg,640,480,Amoxilin,203,297,600,434
video_3_1557812074093.jpg,640,480,Vitamin B2,180,299,296,397
video_4_1557811591531.jpg,640,480,Qinghuana,177,245,291,343
video_1_1557811952457.jpg,640,480,Amoxilin,197,99,339,437
video_4_1557811814171.jpg,640,480,Zhengchai,223,227,367,457
video_3_1557811165425.jpg,640,480,Toubao,128,260,399,343
video_4_1557811765144.jpg,640,480,Zhengchai,179,174,393,406
video_3_1557812263769.jpg,640,480,LORATADINE TABLETS,194,320,395,415
video_0_1557812144486.jpg,640,480,Vitamin C,288,300,435,417
video_1_1557811631072.jpg,640,480,Qinghuana,193,275,411,464
video_4_1557812011643.jpg,640,480,Amoxilin,210,175,323,464
video_4_1557811952440.jpg,640,480,Amoxilin,240,149,369,434
video_4_1557812197354.jpg,640,480,Xinfa,184,253,328,370
video_5_1557811682040.jpg,640,480,Puanle,212,245,479,392
video_4_1557811618183.jpg,640,480,Qinghuana,210,250,317,342
video_4_1557812171158.jpg,640,480,Xinfa,221,237,323,396
video_1_1557812069258.jpg,640,480,Vitamin B2,328,258,434,426
video_5_1557812058296.jpg,640,480,Vitamin B2,240,290,407,390
video_5_1557812194850.jpg,640,480,Xinfa,266,266,367,400
video_0_1557812060520.jpg,640,480,Vitamin B2,294,301,450,414
video_0_1557811771695.jpg,640,480,Zhengchai,127,346,471,458
video_4_1557811684625.jpg,640,480,Puanle,190,248,358,413
video_0_1557811824272.jpg,640,480,Zhengchai,272,146,482,439
video_0_1557812058295.jpg,640,480,Vitamin B2,320,296,464,400
video_1_1557812281576.jpg,640,480,LORATADINE TABLETS,240,351,512,432
video_1_1557811702735.jpg,640,480,Puanle,177,286,458,458
video_4_1557811782334.jpg,640,480,Zhengchai,131,253,349,401
video_1_1557812182164.jpg,640,480,Xinfa,207,362,443,458
video_1_1557812046873.jpg,640,480,Vitamin B2,308,318,441,439
video_1_1557812125318.jpg,640,480,Vitamin C,282,323,453,431
video_1_1557811591495.jpg,640,480,Qinghuana,330,86,484,450
video_0_1557811591493.jpg,640,480,Qinghuana,251,109,404,456
video_4_1557811801829.jpg,640,480,Zhengchai,151,202,363,434
video_3_1557811599082.jpg,640,480,Qinghuana,151,259,407,396
video_0_1557812312046.jpg,640,480,LORATADINE TABLETS,240,237,503,406
video_1_1557812076542.jpg,640,480,Vitamin B2,302,314,433,433
video_4_1557811457981.jpg,640,480,Runfeigao,130,244,320,418
video_3_1557812042134.jpg,640,480,Vitamin B2,191,243,290,385
video_3_1557811811865.jpg,640,480,Zhengchai,49,301,396,421
video_4_1557811711993.jpg,640,480,Puanle,132,272,304,369
video_3_1557811624551.jpg,640,480,Qinghuana,1,255,151,394
video_4_1557811794741.jpg,640,480,Zhengchai,219,185,337,418
video_4_1557811631114.jpg,640,480,Qinghuana,242,198,335,401
video_5_1557811675022.jpg,640,480,Puanle,223,171,379,392
video_3_1557811702780.jpg,640,480,Puanle,145,266,382,414
video_4_1557811519813.jpg,640,480,Runfeigao,149,244,393,372
video_5_1557812111536.jpg,640,480,Vitamin C,288,230,396,383
video_3_1557811945788.jpg,640,480,Amoxilin,121,177,466,416
video_5_1557812271252.jpg,640,480,LORATADINE TABLETS,220,318,496,393
video_5_1557811490604.jpg,640,480,Runfeigao,142,226,508,391
video_0_1557811495227.jpg,640,480,Runfeigao,288,260,552,480
video_4_1557811490602.jpg,640,480,Runfeigao,130,232,398,414
video_4_1557811777021.jpg,640,480,Zhengchai,202,174,414,407
video_5_1557811610057.jpg,640,480,Qinghuana,225,249,429,389
video_1_1557811601407.jpg,640,480,Qinghuana,182,284,500,423
video_1_1557812294191.jpg,640,480,LORATADINE TABLETS,286,254,441,451
video_4_1557812286964.jpg,640,480,LORATADINE TABLETS,219,248,309,432
video_1_1557812144485.jpg,640,480,Vitamin C,321,323,487,442
video_4_1557812058291.jpg,640,480,Vitamin B2,228,292,337,377
video_0_1557811487421.jpg,640,480,Runfeigao,183,276,579,448
video_1_1557811620634.jpg,640,480,Qinghuana,325,274,502,452
video_5_1557811771695.jpg,640,480,Zhengchai,192,290,495,407
video_0_1557811814173.jpg,640,480,Zhengchai,256,233,523,438
video_0_1557812192762.jpg,640,480,Xinfa,325,279,435,436
video_1_1557811777008.jpg,640,480,Zhengchai,184,287,473,427
video_1_1557811498277.jpg,640,480,Runfeigao,193,250,512,479
video_4_1557812048902.jpg,640,480,Vitamin B2,208,279,319,378
video_0_1557812201165.jpg,640,480,Xinfa,270,277,520,421
video_4_1557812284340.jpg,640,480,LORATADINE TABLETS,205,242,375,402
video_5_1557811824272.jpg,640,480,Zhengchai,242,53,407,403
video_4_1557811479713.jpg,640,480,Runfeigao,157,239,346,432
video_3_1557811470582.jpg,640,480,Runfeigao,190,53,349,395
video_5_1557812064791.jpg,640,480,Vitamin B2,266,226,389,392
video_3_1557811341262.jpg,640,480,Toubao,210,74,316,321
video_4_1557812222034.jpg,640,480,Xinfa,173,237,322,366
video_0_1557812284345.jpg,640,480,LORATADINE TABLETS,238,323,464,417
video_1_1557812197393.jpg,640,480,Xinfa,262,302,510,432
video_3_1557811900361.jpg,640,480,Amoxilin,60,146,326,427
video_3_1557811589047.jpg,640,480,Qinghuana,227,116,343,386
video_4_1557811957885.jpg,640,480,Amoxilin,162,269,395,397
video_5_1557811897494.jpg,640,480,Amoxilin,244,163,540,411
video_1_1557812036373.jpg,640,480,Vitamin B2,334,254,442,428
video_3_1557812268559.jpg,640,480,LORATADINE TABLETS,130,321,384,400
video_5_1557811476750.jpg,640,480,Runfeigao,258,24,422,390
video_0_1557811634094.jpg,640,480,Qinghuana,217,299,511,432
video_0_1557811897468.jpg,640,480,Amoxilin,249,151,403,435
video_0_1557811782326.jpg,640,480,Zhengchai,280,202,520,477
video_0_1557812122894.jpg,640,480,Vitamin C,282,300,437,401
video_3_1557811779697.jpg,640,480,Zhengchai,125,186,393,396
video_4_1557811697289.jpg,640,480,Puanle,166,208,345,375
video_4_1557812046867.jpg,640,480,Vitamin B2,231,262,301,370
video_4_1557811612282.jpg,640,480,Qinghuana,221,187,315,393
video_5_1557812182188.jpg,640,480,Xinfa,242,317,448,397
video_3_1557811344938.jpg,640,480,Toubao,265,87,326,318
video_5_1557812266261.jpg,640,480,LORATADINE TABLETS,225,308,469,400
video_3_1557811255148.jpg,640,480,Toubao,161,256,370,330
video_4_1557811677397.jpg,640,480,Puanle,200,218,331,378
video_3_1557811768599.jpg,640,480,Zhengchai,184,305,489,408
video_4_1557811502217.jpg,640,480,Runfeigao,126,205,364,452
video_5_1557811957882.jpg,640,480,Amoxilin,96,308,528,427
video_0_1557812127286.jpg,640,480,Vitamin C,304,301,465,396
video_0_1557812007142.jpg,640,480,Amoxilin,263,1,454,407
video_0_1557812306596.jpg,640,480,LORATADINE TABLETS,297,142,447,397
video_3_1557811586413.jpg,640,480,Qinghuana,233,108,351,390
video_3_1557812053416.jpg,640,480,Vitamin B2,149,293,309,395
video_0_1557812176156.jpg,640,480,Xinfa,256,328,397,420
video_1_1557812071617.jpg,640,480,Vitamin B2,266,318,426,424
video_4_1557812125251.jpg,640,480,Vitamin C,219,283,326,350
video_4_1557812176153.jpg,640,480,Xinfa,189,255,349,353
video_1_1557812286970.jpg,640,480,LORATADINE TABLETS,354,255,425,444
video_3_1557811909813.jpg,640,480,Amoxilin,184,9,385,385
video_5_1557812055983.jpg,640,480,Vitamin B2,245,288,409,392
video_0_1557811965792.jpg,640,480,Amoxilin,212,28,402,392
video_3_1557811487462.jpg,640,480,Runfeigao,56,239,416,395
video_0_1557812062489.jpg,640,480,Vitamin B2,309,300,470,402
video_4_1557812140413.jpg,640,480,Vitamin C,221,247,311,356
video_0_1557811686789.jpg,640,480,Puanle,219,293,509,458
video_1_1557812192797.jpg,640,480,Xinfa,289,305,548,430
video_4_1557811824278.jpg,640,480,Zhengchai,211,246,302,434
video_5_1557812294159.jpg,640,480,LORATADINE TABLETS,286,222,431,405
video_0_1557812078837.jpg,640,480,Vitamin B2,344,293,488,404
video_3_1557811672321.jpg,640,480,Puanle,172,190,364,390
video_0_1557812186525.jpg,640,480,Xinfa,242,329,442,425
video_5_1557811792700.jpg,640,480,Zhengchai,167,292,466,412
video_1_1557812171197.jpg,640,480,Xinfa,244,360,470,454
video_0_1557812107007.jpg,640,480,Vitamin C,295,241,400,391
video_0_1557811682060.jpg,640,480,Puanle,210,302,443,458
video_4_1557812118491.jpg,640,480,Vitamin C,217,273,305,354
video_3_1557812186540.jpg,640,480,Xinfa,158,327,339,406
video_5_1557812060510.jpg,640,480,Vitamin B2,260,288,398,397
video_1_1557812137920.jpg,640,480,Vitamin C,251,328,440,445
video_5_1557811965829.jpg,640,480,Amoxilin,299,12,448,398
video_0_1557811888008.jpg,640,480,Amoxilin,232,163,502,419
video_1_1557811677400.jpg,640,480,Puanle,226,201,461,439
video_0_1557811801823.jpg,640,480,Zhengchai,163,346,530,480
video_1_1557811897462.jpg,640,480,Amoxilin,222,121,526,411
video_4_1557812051330.jpg,640,480,Vitamin B2,208,304,323,399
video_0_1557812303839.jpg,640,480,LORATADINE TABLETS,298,140,452,397
video_3_1557811604857.jpg,640,480,Qinghuana,116,260,380,397
video_0_1557811524569.jpg,640,480,Runfeigao,201,275,596,466
video_1_1557811604820.jpg,640,480,Qinghuana,306,274,508,459
video_1_1557811502219.jpg,640,480,Runfeigao,202,252,593,465
video_5_1557811697283.jpg,640,480,Puanle,196,216,457,395
video_3_1557812104634.jpg,640,480,Vitamin C,226,240,312,390
video_3_1557811615754.jpg,640,480,Qinghuana,198,110,322,389
video_1_1557811344980.jpg,640,480,Toubao,293,44,465,332
video_5_1557811888036.jpg,640,480,Amoxilin,188,171,547,374
video_4_1557811344983.jpg,640,480,Toubao,172,270,318,305
video_1_1557811801824.jpg,640,480,Zhengchai,268,285,602,421
video_1_1557811589001.jpg,640,480,Qinghuana,316,93,465,448
video_3_1557812173682.jpg,640,480,Xinfa,164,332,372,408
video_1_1557811476758.jpg,640,480,Runfeigao,249,41,431,442
video_0_1557811333065.jpg,640,480,Toubao,196,290,471,377
video_3_1557811473079.jpg,640,480,Runfeigao,206,52,370,392
video_3_1557811601443.jpg,640,480,Qinghuana,138,260,373,402
video_3_1557812279263.jpg,640,480,LORATADINE TABLETS,147,324,396,395
video_3_1557812127358.jpg,640,480,Vitamin C,175,300,315,382
video_0_1557812281595.jpg,640,480,LORATADINE TABLETS,255,321,522,420
video_5_1557811684605.jpg,640,480,Puanle,186,243,465,390
video_0_1557812111466.jpg,640,480,Vitamin C,302,237,392,393
video_4_1557812294189.jpg,640,480,LORATADINE TABLETS,207,247,353,400
video_1_1557812064799.jpg,640,480,Vitamin B2,310,259,431,429
video_1_1557811607509.jpg,640,480,Qinghuana,235,279,543,443
video_5_1557812107005.jpg,640,480,Vitamin C,310,227,397,380
video_5_1557811351967.jpg,640,480,Toubao,231,167,448,317
video_5_1557812197416.jpg,640,480,Xinfa,202,269,424,374
video_0_1557812064789.jpg,640,480,Vitamin B2,336,239,425,395
video_3_1557812194812.jpg,640,480,Xinfa,159,279,330,395
video_5_1557811686776.jpg,640,480,Puanle,202,248,438,394
video_4_1557811498284.jpg,640,480,Runfeigao,177,200,323,455
video_4_1557811897502.jpg,640,480,Amoxilin,141,243,416,392
video_4_1557812203787.jpg,640,480,Xinfa,200,300,288,402
video_5_1557811582557.jpg,640,480,Qinghuana,276,93,397,378
video_1_1557811511676.jpg,640,480,Runfeigao,200,253,512,477
video_5_1557812303805.jpg,640,480,LORATADINE TABLETS,237,231,352,385
video_0_1557811522331.jpg,640,480,Runfeigao,198,271,590,475
video_4_1557811328654.jpg,640,480,Toubao,168,234,333,334
video_1_1557811697291.jpg,640,480,Puanle,230,237,549,464
video_1_1557811771700.jpg,640,480,Zhengchai,126,283,498,439
video_5_1557812120719.jpg,640,480,Vitamin C,279,227,389,385
video_3_1557812296850.jpg,640,480,LORATADINE TABLETS,116,241,355,387
video_4_1557811879578.jpg,640,480,Amoxilin,152,192,414,434
video_3_1557812228614.jpg,640,480,Xinfa,117,274,333,386
video_4_1557812007175.jpg,640,480,Amoxilin,127,227,338,406
video_0_1557811787251.jpg,640,480,Zhengchai,250,126,453,445
video_4_1557811948564.jpg,640,480,Amoxilin,186,169,368,428
video_3_1557811892546.jpg,640,480,Amoxilin,53,177,412,389
video_0_1557811624511.jpg,640,480,Qinghuana,500,292,640,460
video_3_1557811268204.jpg,640,480,Toubao,177,263,416,325
video_0_1557811828069.jpg,640,480,Zhengchai,279,129,431,440
video_0_1557811675039.jpg,640,480,Puanle,244,210,470,452
video_5_1557811457974.jpg,640,480,Runfeigao,236,29,388,386
video_3_1557812312012.jpg,640,480,LORATADINE TABLETS,137,244,363,381
video_1_1557812078774.jpg,640,480,Vitamin B2,288,315,437,414
video_5_1557812171219.jpg,640,480,Xinfa,207,317,425,400
video_3_1557811593763.jpg,640,480,Qinghuana,228,111,342,390
video_3_1557812011616.jpg,640,480,Amoxilin,86,172,422,384
video_0_1557811884988.jpg,640,480,Amoxilin,199,318,574,441
video_1_1557812176188.jpg,640,480,Xinfa,237,362,514,457
video_3_1557811328594.jpg,640,480,Toubao,237,158,334,324
video_4_1557812044307.jpg,640,480,Vitamin B2,216,285,302,364
video_1_1557812190431.jpg,640,480,Xinfa,310,303,496,441
video_3_1557811495272.jpg,640,480,Runfeigao,181,239,351,415
video_4_1557812190397.jpg,640,480,Xinfa,193,252,296,411
video_0_1557811792701.jpg,640,480,Zhengchai,142,339,514,463
video_4_1557811237417.jpg,640,480,Toubao,216,226,386,401
video_3_1557811505305.jpg,640,480,Runfeigao,144,228,341,427
video_1_1557812111467.jpg,640,480,Vitamin C,298,257,414,433
video_5_1557812137857.jpg,640,480,Vitamin C,283,288,431,374
video_0_1557811607508.jpg,640,480,Qinghuana,235,293,543,443
video_4_1557811333113.jpg,640,480,Toubao,197,216,351,391
video_0_1557812286969.jpg,640,480,LORATADINE TABLETS,265,237,502,405
video_4_1557811524608.jpg,640,480,Runfeigao,168,214,347,478
video_5_1557812281552.jpg,640,480,LORATADINE TABLETS,198,321,479,393
video_4_1557811761461.jpg,640,480,Zhengchai,158,233,361,388
video_1_1557811662369.jpg,640,480,Puanle,244,199,456,461
video_5_1557811691970.jpg,640,480,Puanle,230,218,465,386
video_4_1557811582540.jpg,640,480,Qinghuana,207,250,314,343
video_3_1557811507933.jpg,640,480,Runfeigao,130,230,351,427
video_1_1557811691975.jpg,640,480,Puanle,237,246,532,470
video_5_1557811596269.jpg,640,480,Qinghuana,162,247,416,381
video_1_1557812284349.jpg,640,480,LORATADINE TABLETS,237,348,502,453
video_4_1557810743884.jpg,640,480,Toubao,224,225,389,403
video_1_1557811457975.jpg,640,480,Runfeigao,307,48,485,439
video_3_1557811317628.jpg,640,480,Toubao,210,93,351,314
video_5_1557812277159.jpg,640,480,LORATADINE TABLETS,212,309,482,406
video_1_1557812146846.jpg,640,480,Vitamin C,332,255,440,431
video_0_1557811589000.jpg,640,480,Qinghuana,263,114,407,452
video_4_1557811675038.jpg,640,480,Puanle,175,238,305,409
video_5_1557811960764.jpg,640,480,Amoxilin,274,41,458,379
video_0_1557811677400.jpg,640,480,Puanle,235,220,427,447
video_5_1557812069308.jpg,640,480,Vitamin B2,276,225,372,385
video_0_1557812046868.jpg,640,480,Vitamin B2,281,295,444,406
video_3_1557811877256.jpg,640,480,Amoxilin,138,314,431,425
video_5_1557812051330.jpg,640,480,Vitamin B2,217,283,387,403
video_5_1557812007176.jpg,640,480,Amoxilin,242,14,442,382
video_4_1557811476748.jpg,640,480,Runfeigao,177,246,334,402
video_1_1557812271277.jpg,640,480,LORATADINE TABLETS,216,350,498,441
video_0_1557811604820.jpg,640,480,Qinghuana,208,292,473,449
video_4_1557812146845.jpg,640,480,Vitamin C,219,288,295,351
video_0_1557812120723.jpg,640,480,Vitamin C,293,236,399,398
video_4_1557812078766.jpg,640,480,Vitamin B2,234,307,341,399
video_1_1557812312048.jpg,640,480,LORATADINE TABLETS,280,252,476,452
video_1_1557811624513.jpg,640,480,Qinghuana,378,287,640,412
video_3_1557812076529.jpg,640,480,Vitamin B2,130,296,285,388
video_5_1557812228662.jpg,640,480,Xinfa,201,267,347,402
video_5_1557812192811.jpg,640,480,Xinfa,189,266,407,383
video_5_1557812122888.jpg,640,480,Vitamin C,240,290,394,392
video_5_1557812176215.jpg,640,480,Xinfa,221,317,454,391
video_5_1557811278707.jpg,640,480,Toubao,250,263,437,342
video_5_1557811787256.jpg,640,480,Zhengchai,271,69,376,393
video_3_1557811336803.jpg,640,480,Toubao,236,79,317,318
video_4_1557811268260.jpg,640,480,Toubao,227,214,336,370
video_1_1557811237405.jpg,640,480,Toubao,205,261,474,343
video_4_1557812111465.jpg,640,480,Vitamin C,237,276,309,343
video_3_1557811665100.jpg,640,480,Puanle,192,183,361,407
video_5_1557812142761.jpg,640,480,Vitamin C,214,291,367,378
video_3_1557811692013.jpg,640,480,Puanle,149,237,398,399
video_1_1557811686788.jpg,640,480,Puanle,267,286,541,455
video_0_1557811777011.jpg,640,480,Zhengchai,149,337,470,460
video_0_1557812118493.jpg,640,480,Vitamin C,296,237,410,400
video_0_1557811498246.jpg,640,480,Runfeigao,156,278,577,458
video_0_1557811811799.jpg,640,480,Zhengchai,210,341,561,471
video_3_1557812044376.jpg,640,480,Vitamin B2,199,241,306,388
video_3_1557811607550.jpg,640,480,Qinghuana,151,260,386,395
video_3_1557811874170.jpg,640,480,Amoxilin,31,321,438,423
video_4_1557812281582.jpg,640,480,LORATADINE TABLETS,194,248,369,413
video_1_1557811792700.jpg,640,480,Zhengchai,170,283,518,434
video_3_1557811451747.jpg,640,480,Runfeigao,174,54,317,390
video_0_1557812044305.jpg,640,480,Vitamin B2,311,236,436,402
video_1_1557812201195.jpg,640,480,Xinfa,314,304,517,446
video_1_1557811758035.jpg,640,480,Zhengchai,177,282,523,426
video_4_1557812186519.jpg,640,480,Xinfa,194,243,350,384
video_1_1557812039854.jpg,640,480,Vitamin B2,340,254,468,428
video_1_1557812140415.jpg,640,480,Vitamin C,321,326,430,442
video_1_1557812048908.jpg,640,480,Vitamin B2,309,320,477,421
video_5_1557811909841.jpg,640,480,Amoxilin,308,1,415,395
video_1_1557811761461.jpg,640,480,Zhengchai,195,292,572,400
video_1_1557812051336.jpg,640,480,Vitamin B2,319,318,481,426
video_0_1557811711989.jpg,640,480,Puanle,291,196,474,475
video_1_1557811333098.jpg,640,480,Toubao,216,258,509,355
video_1_1557811906197.jpg,640,480,Amoxilin,212,111,542,417
video_4_1557812120719.jpg,640,480,Vitamin C,223,269,308,353
video_0_1557811697285.jpg,640,480,Puanle,178,265,458,461
video_5_1557811333062.jpg,640,480,Toubao,217,264,474,339
video_5_1557812109164.jpg,640,480,Vitamin C,314,227,423,388
video_3_1557811675073.jpg,640,480,Puanle,151,194,334,393
video_0_1557812180233.jpg,640,480,Xinfa,205,336,467,404
video_4_1557811317677.jpg,640,480,Toubao,200,243,305,369
video_3_1557812118557.jpg,640,480,Vitamin C,215,244,319,388
video_5_1557812306562.jpg,640,480,LORATADINE TABLETS,238,127,363,392
video_5_1557812046869.jpg,640,480,Vitamin B2,251,285,382,393
video_0_1557811278713.jpg,640,480,Toubao,221,295,479,365
video_3_1557810743825.jpg,640,480,Toubao,128,273,397,353
video_5_1557812216572.jpg,640,480,Xinfa,253,138,343,393
video_0_1557812146842.jpg,640,480,Vitamin C,319,234,417,399
video_4_1557812180223.jpg,640,480,Xinfa,224,221,322,379
video_3_1557812039836.jpg,640,480,Vitamin B2,196,245,310,388
video_0_1557812137856.jpg,640,480,Vitamin C,233,299,391,404
video_1_1557811682062.jpg,640,480,Puanle,206,285,496,464
video_3_1557812301444.jpg,640,480,LORATADINE TABLETS,149,243,380,385
video_4_1557811691974.jpg,640,480,Puanle,191,213,361,399
video_5_1557811511674.jpg,640,480,Runfeigao,120,220,446,425
video_4_1557811682061.jpg,640,480,Puanle,197,218,367,400
video_4_1557812107006.jpg,640,480,Vitamin C,240,270,320,348
video_1_1557811814169.jpg,640,480,Zhengchai,174,159,444,391
video_5_1557811237359.jpg,640,480,Toubao,249,270,517,341
video_1_1557812044316.jpg,640,480,Vitamin B2,338,258,439,428
video_3_1557811314026.jpg,640,480,Toubao,202,88,349,313
video_1_1557811596221.jpg,640,480,Qinghuana,238,286,537,447
video_4_1557811495267.jpg,640,480,Runfeigao,117,282,360,386
video_4_1557812055928.jpg,640,480,Vitamin B2,236,274,318,389
video_1_1557811352004.jpg,640,480,Toubao,246,150,506,323
video_0_1557811952405.jpg,640,480,Amoxilin,136,179,461,393
video_0_1557812053421.jpg,640,480,Vitamin B2,310,294,472,394
video_3_1557811324324.jpg,640,480,Toubao,237,158,336,323
video_3_1557811351963.jpg,640,480,Toubao,217,160,363,322
video_4_1557811634149.jpg,640,480,Qinghuana,249,219,374,422
video_0_1557811765129.jpg,640,480,Zhengchai,135,344,486,467
video_4_1557811615756.jpg,640,480,Qinghuana,196,270,309,363
video_1_1557812173697.jpg,640,480,Xinfa,240,362,505,429
video_1_1557811874215.jpg,640,480,Amoxilin,133,297,539,425
video_3_1557811333062.jpg,640,480,Toubao,149,260,389,327
video_1_1557811505298.jpg,640,480,Runfeigao,183,257,551,462
video_5_1557811612229.jpg,640,480,Qinghuana,214,245,400,395
video_4_1557812173657.jpg,640,480,Xinfa,202,251,361,381
video_4_1557812268581.jpg,640,480,LORATADINE TABLETS,207,234,330,402
video_1_1557812135365.jpg,640,480,Vitamin C,263,326,440,438
video_3_1557812299082.jpg,640,480,LORATADINE TABLETS,204,238,343,417
video_4_1557811773808.jpg,640,480,Zhengchai,141,218,372,418
video_3_1557811879551.jpg,640,480,Amoxilin,40,321,395,440
video_3_1557811790259.jpg,640,480,Zhengchai,193,113,384,390
video_0_1557811948528.jpg,640,480,Amoxilin,178,179,509,409
video_4_1557811700372.jpg,640,480,Puanle,182,218,344,387
video_0_1557812199261.jpg,640,480,Xinfa,240,277,433,413
video_1_1557812260915.jpg,640,480,LORATADINE TABLETS,219,348,489,449
video_3_1557811884999.jpg,640,480,Amoxilin,91,319,474,447
video_0_1557811900356.jpg,640,480,Amoxilin,258,151,466,428
video_4_1557811758051.jpg,640,480,Zhengchai,184,206,356,428
video_1_1557811610002.jpg,640,480,Qinghuana,272,280,586,433
video_5_1557811507925.jpg,640,480,Runfeigao,198,224,531,418
video_5_1557811817173.jpg,640,480,Zhengchai,214,79,414,414
video_3_1557812201178.jpg,640,480,Xinfa,144,279,344,382
video_5_1557812190456.jpg,640,480,Xinfa,171,267,381,395
video_5_1557811945804.jpg,640,480,Amoxilin,193,153,530,393
video_1_1557812062438.jpg,640,480,Vitamin B2,305,320,451,436
video_0_1557812140476.jpg,640,480,Vitamin C,253,301,423,403
video_5_1557812114226.jpg,640,480,Vitamin C,299,228,406,387
video_0_1557812011605.jpg,640,480,Amoxilin,151,170,511,392
video_4_1557811909836.jpg,640,480,Amoxilin,233,199,314,418
video_1_1557811495273.jpg,640,480,Runfeigao,224,261,631,450
video_5_1557812118554.jpg,640,480,Vitamin C,286,229,373,378
video_3_1557811761507.jpg,640,480,Zhengchai,163,300,405,410
video_0_1557812268593.jpg,640,480,LORATADINE TABLETS,227,330,512,413
video_3_1557811888019.jpg,640,480,Amoxilin,165,167,458,427
video_0_1557812296881.jpg,640,480,LORATADINE TABLETS,261,243,507,395
video_3_1557811773842.jpg,640,480,Zhengchai,126,301,410,413
video_4_1557812312038.jpg,640,480,LORATADINE TABLETS,201,236,298,412
video_4_1557811604857.jpg,640,480,Qinghuana,191,211,351,411
video_5_1557811768545.jpg,640,480,Zhengchai,218,292,507,390
video_3_1557811278707.jpg,640,480,Toubao,154,260,406,332
video_0_1557812135361.jpg,640,480,Vitamin C,262,299,420,399
video_0_1557810743825.jpg,640,480,Toubao,224,290,486,370
video_1_1557811700372.jpg,640,480,Puanle,264,253,537,467
video_3_1557811686821.jpg,640,480,Puanle,126,258,371,404
video_5_1557811801882.jpg,640,480,Zhengchai,199,293,456,409
video_1_1557811665059.jpg,640,480,Puanle,251,219,490,441
video_0_1557812133512.jpg,640,480,Vitamin C,257,301,409,396
video_3_1557812051331.jpg,640,480,Vitamin B2,142,292,268,394
video_1_1557811672280.jpg,640,480,Puanle,263,191,463,455
video_1_1557811790205.jpg,640,480,Zhengchai,295,10,423,406
video_5_1557811885016.jpg,640,480,Amoxilin,151,317,596,394
video_5_1557812104626.jpg,640,480,Vitamin C,297,229,403,383
video_4_1557811505306.jpg,640,480,Runfeigao,151,257,404,403
video_4_1557811607556.jpg,640,480,Qinghuana,175,230,356,402
video_5_1557812263765.jpg,640,480,LORATADINE TABLETS,210,315,461,391
video_0_1557811596219.jpg,640,480,Qinghuana,191,297,516,451
video_1_1557811779712.jpg,640,480,Zhengchai,295,128,402,412
video_4_1557812260901.jpg,640,480,LORATADINE TABLETS,208,239,352,420
video_4_1557811900387.jpg,640,480,Amoxilin,147,243,399,453
video_3_1557811498286.jpg,640,480,Runfeigao,75,243,426,390
video_5_1557811765128.jpg,640,480,Zhengchai,280,293,510,402
video_4_1557811473079.jpg,640,480,Runfeigao,137,230,323,393
video_5_1557812071681.jpg,640,480,Vitamin B2,263,286,421,390
video_5_1557811773789.jpg,640,480,Zhengchai,141,300,472,399
video_3_1557812069251.jpg,640,480,Vitamin B2,191,239,303,390
video_5_1557811470572.jpg,640,480,Runfeigao,236,25,423,390
video_1_1557812225094.jpg,640,480,Xinfa,352,299,417,460
video_4_1557812225054.jpg,640,480,Xinfa,217,221,298,389
video_5_1557811607568.jpg,640,480,Qinghuana,147,250,456,379
video_0_1557811881840.jpg,640,480,Amoxilin,149,328,585,409
video_5_1557812222098.jpg,640,480,Xinfa,202,269,416,374
video_3_1557812197372.jpg,640,480,Xinfa,185,281,354,399
video_4_1557811278763.jpg,640,480,Toubao,222,221,350,386
video_5_1557811631145.jpg,640,480,Qinghuana,278,251,440,381
video_5_1557811620706.jpg,640,480,Qinghuana,178,241,370,377
video_5_1557811589060.jpg,640,480,Qinghuana,257,95,375,376
video_5_1557811586435.jpg,640,480,Qinghuana,282,95,405,376
video_5_1557812260877.jpg,640,480,LORATADINE TABLETS,183,313,465,411
video_0_1557811505273.jpg,640,480,Runfeigao,265,269,463,474
video_0_1557811877245.jpg,640,480,Amoxilin,231,321,596,466
video_3_1557812180237.jpg,640,480,Xinfa,163,328,393,389
video_5_1557812296851.jpg,640,480,LORATADINE TABLETS,221,222,408,404
video_5_1557812268557.jpg,640,480,LORATADINE TABLETS,205,312,401,404
video_0_1557811507897.jpg,640,480,Runfeigao,205,271,436,477
video_5_1557810743823.jpg,640,480,Toubao,244,292,513,371
video_3_1557812306565.jpg,640,480,LORATADINE TABLETS,183,160,317,380
video_5_1557811700366.jpg,640,480,Puanle,217,255,431,386
video_3_1557811801822.jpg,640,480,Zhengchai,91,298,394,416
video_5_1557811604882.jpg,640,480,Qinghuana,256,248,402,381
video_5_1557811451740.jpg,640,480,Runfeigao,211,13,398,397
video_3_1557812107012.jpg,640,480,Vitamin C,224,241,333,392
video_5_1557811591564.jpg,640,480,Qinghuana,244,100,361,373
video_4_1557811352014.jpg,640,480,Toubao,170,255,339,350
video_5_1557811790198.jpg,640,480,Zhengchai,243,82,391,392
video_3_1557812281556.jpg,640,480,LORATADINE TABLETS,121,319,374,412
video_0_1557811352039.jpg,640,480,Toubao,271,176,427,379
video_0_1557811610002.jpg,640,480,Qinghuana,217,294,452,448
video_4_1557811507933.jpg,640,480,Runfeigao,148,227,405,412
video_5_1557812140473.jpg,640,480,Vitamin C,287,289,378,383
video_0_1557811336740.jpg,640,480,Toubao,307,90,394,371
video_0_1557811817174.jpg,640,480,Zhengchai,304,137,501,434
video_1_1557811507930.jpg,640,480,Runfeigao,194,252,561,471
video_0_1557812301480.jpg,640,480,LORATADINE TABLETS,230,240,479,396
video_4_1557811451750.jpg,640,480,Runfeigao,132,272,312,430
video_5_1557811505298.jpg,640,480,Runfeigao,173,223,531,417
video_4_1557811877281.jpg,640,480,Amoxilin,136,225,391,396
video_5_1557811782398.jpg,640,480,Zhengchai,160,180,456,382
video_1_1557811667488.jpg,640,480,Puanle,260,199,463,457
video_4_1557812182126.jpg,640,480,Xinfa,242,226,338,387
video_4_1557811321417.jpg,640,480,Toubao,205,211,331,369
video_4_1557811790215.jpg,640,480,Zhengchai,166,211,316,399
video_0_1557811268210.jpg,640,480,Toubao,184,296,448,365
video_1_1557811328632.jpg,640,480,Toubao,282,132,507,353
video_1_1557811892597.jpg,640,480,Amoxilin,269,112,421,418
video_4_1557812194793.jpg,640,480,Xinfa,192,243,319,391
video_4_1557811593767.jpg,640,480,Qinghuana,196,247,322,349
video_1_1557812011599.jpg,640,480,Amoxilin,274,153,396,477
video_0_1557811700372.jpg,640,480,Puanle,199,302,485,474
video_3_1557811502221.jpg,640,480,Runfeigao,105,244,414,409
video_1_1557812296880.jpg,640,480,LORATADINE TABLETS,274,254,438,446
video_0_1557812194797.jpg,640,480,Xinfa,254,276,447,420
video_1_1557812268586.jpg,640,480,LORATADINE TABLETS,274,353,470,454
video_3_1557812137924.jpg,640,480,Vitamin C,237,300,384,397
video_3_1557812109174.jpg,640,480,Vitamin C,215,241,330,399
video_0_1557812228601.jpg,640,480,Xinfa,271,281,517,394
video_0_1557811672280.jpg,640,480,Puanle,252,218,484,444
video_4_1557812228599.jpg,640,480,Xinfa,225,258,280,420
video_5_1557811599107.jpg,640,480,Qinghuana,220,246,382,392
video_3_1557812046924.jpg,640,480,Vitamin B2,188,293,337,381
video_3_1557812294158.jpg,640,480,LORATADINE TABLETS,157,235,342,411
video_1_1557811784699.jpg,640,480,Zhengchai,295,132,418,411
video_0_1557811790198.jpg,640,480,Zhengchai,228,113,433,438
video_5_1557811328597.jpg,640,480,Toubao,269,164,426,327
video_3_1557811758034.jpg,640,480,Zhengchai,89,301,414,404
video_5_1557811336742.jpg,640,480,Toubao,260,91,406,322
video_0_1557811758045.jpg,640,480,Zhengchai,164,349,521,462
video_4_1557811601445.jpg,640,480,Qinghuana,196,262,394,406
video_3_1557811582541.jpg,640,480,Qinghuana,232,107,350,393
video_5_1557811900378.jpg,640,480,Amoxilin,248,134,489,430
